Titles,URL
Improve Heart Health at Home,https://www.youtube.com/watch?v=EegCoMRREwQ
6-Minute Heart Health Workout,https://www.youtube.com/watch?v=L1BqVCD9f7U
Joint and Mobility Issues,https://www.youtube.com/watch?v=yiEX9NPE354
General Fitness,https://www.youtube.com/watch?v=qfUzbomyHGc
Best Diabetes Exercises to Lower Blood Sugar,https://www.youtube.com/watch?v=-uK8a80vyeI
Diabetes Exercises at Home (Level 1),https://www.youtube.com/watch?v=ePylP2XmNRs
Best Total Body Exercise for Type 2 Diabetes,https://www.youtube.com/watch?v=03Ar9vo6VbM
general Fitness beginerr friendly,https://www.youtube.com/watch?v=d1GPnCYQt7o
general fitness joint and Muscle Health,https://www.youtube.com/watch?v=n9dg_dcL69s
general fitness Full Body Stretch Routine for Beginners,https://www.youtube.com/watch?v=n9dg_dcL69s
general fitness Beginner-Friendly Full Body Workout,https://www.youtube.com/watch?v=d1GPnCYQt7o
General fitness Daily Fitness Routine for All Ages,https://www.youtube.com/watch?v=qfUzbomyHGc
General fitness Light Cardio Workout,https://www.youtube.com/watch?v=yiEX9NPE354
Fat-Burning HIIT Cardio Workout for obesity,https://www.youtube.com/watch?v=yplP5cLuyf4
Advanced Cardio Workout with Burnout Finisher for obesity,https://www.youtube.com/watch?v=QHMlSWIzDL4
heart healthy- 1 mile walk,https://www.youtube.com/watch?v=u08lo0bESJc
